{"mse": 229792.91509567222, "_timestamp": 1702386947.35708, "_runtime": 17.56216287612915, "_step": 0, "_wandb": {"runtime": 16}}