{"mse_step_pred_1": 212222.21751988787, "_timestamp": 1702890092.056898, "_runtime": 55.47871708869934, "_step": 35, "mse_step_pred_2": 225253.28990060138, "mse_step_pred_3": 225844.9209653486, "mse_step_pred_4": 226198.3654144218, "mse_step_pred_5": 225311.94034230313, "mse_step_pred_6": 226217.3598504635, "mse_step_pred_7": 226132.5474940095, "mse_step_pred_8": 226352.16044876244, "mse_step_pred_9": 227496.4942077984, "mse_step_pred_10": 227255.84435210086, "mse_step_pred_11": 228298.17328953312, "mse_step_pred_12": 228882.0598128731, "mse_step_pred_13": 229121.82712440987, "mse_step_pred_14": 228748.83715395044, "mse_step_pred_15": 228908.59106927444, "mse_step_pred_16": 229307.87702715743, "mse_step_pred_17": 229370.2945552551, "mse_step_pred_18": 229396.6706209363, "mse_step_pred_19": 229497.7023540112, "mse_step_pred_20": 229565.45794783402, "mse_step_pred_21": 229348.58057989564, "mse_step_pred_22": 229189.8812927738, "mse_step_pred_23": 229321.72300356303, "mse_step_pred_24": 228999.98548377914, "mse_step_pred_25": 229182.82983592956, "mse_step_pred_26": 229226.83653867635, "mse_step_pred_27": 229026.98227381465, "mse_step_pred_28": 228877.11658005003, "mse_step_pred_29": 228715.95373147322, "mse_step_pred_30": 228691.93218152312, "mse_step_pred_31": 229391.70127243255, "mse_step_pred_32": 229538.5778233645, "mse_step_pred_33": 229475.2881041858, "mse_step_pred_34": 229509.63509081714, "mse_step_pred_35": 229490.99389847476, "mse_step_pred_36": 229438.98472417932, "_wandb": {"runtime": 54}}