{"mse": 230580.83383079266, "_timestamp": 1701949905.871875, "_runtime": 24.460873126983643, "_step": 0, "_wandb": {"runtime": 23}}