{"mse": 350924.84594156436, "_timestamp": 1702455946.133877, "_runtime": 21.879258155822754, "_step": 0, "_wandb": {"runtime": 21}}