{"mse_step_pred_1": 223522.21342831722, "_timestamp": 1702894857.230907, "_runtime": 322.645663022995, "_step": 35, "mse_step_pred_2": 226277.003292654, "mse_step_pred_3": 227662.87378233531, "mse_step_pred_4": 227610.59100983047, "mse_step_pred_5": 227416.5758492556, "mse_step_pred_6": 227820.70361739173, "mse_step_pred_7": 228102.80532122045, "mse_step_pred_8": 229367.4965970432, "mse_step_pred_9": 228458.99939924674, "mse_step_pred_10": 228791.46971615255, "mse_step_pred_11": 228928.22737694287, "mse_step_pred_12": 228685.65602310194, "mse_step_pred_13": 229179.2983913868, "mse_step_pred_14": 228899.1674036348, "mse_step_pred_15": 228645.6903347687, "mse_step_pred_16": 228655.3422231888, "mse_step_pred_17": 228330.04729573842, "mse_step_pred_18": 229009.20342946146, "mse_step_pred_19": 228494.7207850614, "mse_step_pred_20": 228934.35962150962, "mse_step_pred_21": 228712.91840550513, "mse_step_pred_22": 228799.20487032828, "mse_step_pred_23": 228582.8611490612, "mse_step_pred_24": 228479.08683009632, "mse_step_pred_25": 228863.95451813674, "mse_step_pred_26": 228849.857553503, "mse_step_pred_27": 228298.5514368496, "mse_step_pred_28": 228707.7052263348, "mse_step_pred_29": 229004.9456705952, "mse_step_pred_30": 228363.7274702165, "mse_step_pred_31": 229176.60386982092, "mse_step_pred_32": 229497.89912090727, "mse_step_pred_33": 228772.80793639997, "mse_step_pred_34": 228871.92826768188, "mse_step_pred_35": 228550.670584819, "mse_step_pred_36": 229212.6185867158, "_wandb": {"runtime": 321}}