{"mse": 208824.4863082505, "_timestamp": 1702457852.681901, "_runtime": 170.0699610710144, "_step": 0, "_wandb": {"runtime": 169}}