{"mse": 229854.24325522792, "_timestamp": 1702458696.712003, "_runtime": 210.1772608757019, "_step": 0, "_wandb": {"runtime": 209}}