{"mse": 230569.83368485834, "_timestamp": 1702387010.376364, "_runtime": 18.039436101913452, "_step": 0, "_wandb": {"runtime": 17}}