{"mse": 274075.74034392205, "_timestamp": 1701949458.424305, "_runtime": 33.79520106315613, "_step": 0, "_wandb": {"runtime": 33}}