{"mse": 217436.40343960584, "_timestamp": 1702387531.324398, "_runtime": 208.36728715896606, "_step": 0, "_wandb": {"runtime": 207}}