{"mse_step_pred_1": 1.868588713990695, "_timestamp": 1702987587.0252428, "_runtime": 63.53358769416809, "_step": 35, "mse_step_pred_2": 1.8812755307629043, "mse_step_pred_3": 1.8890107572491526, "mse_step_pred_4": 1.8900254403204246, "mse_step_pred_5": 1.895882173283361, "mse_step_pred_6": 1.9035724960196938, "mse_step_pred_7": 1.9038133245101985, "mse_step_pred_8": 1.9108858172788166, "mse_step_pred_9": 1.9097638195419175, "mse_step_pred_10": 1.913633573568726, "mse_step_pred_11": 1.912118119208829, "mse_step_pred_12": 1.9148430256304982, "mse_step_pred_13": 1.9176788848074022, "mse_step_pred_14": 1.9197957309187221, "mse_step_pred_15": 1.9156199263412819, "mse_step_pred_16": 1.9202308618073312, "mse_step_pred_17": 1.923260082686413, "mse_step_pred_18": 1.922459481229936, "mse_step_pred_19": 1.9255787824121788, "mse_step_pred_20": 1.92689561477435, "mse_step_pred_21": 1.929651816923279, "mse_step_pred_22": 1.9311928725140357, "mse_step_pred_23": 1.9377422301093938, "mse_step_pred_24": 1.9329383575868386, "mse_step_pred_25": 1.941589768111626, "mse_step_pred_26": 1.9441292881527894, "mse_step_pred_27": 1.9445456318537628, "mse_step_pred_28": 1.9496053614593374, "mse_step_pred_29": 1.9577288723142412, "mse_step_pred_30": 1.9591525290937675, "mse_step_pred_31": 1.9528403693750478, "mse_step_pred_32": 1.9502290982190384, "mse_step_pred_33": 1.9514223846136438, "mse_step_pred_34": 1.9511170714448873, "mse_step_pred_35": 1.9555289740951998, "mse_step_pred_36": 1.9577481558085412, "_wandb": {"runtime": 62}}