{"mse": 8958016.526434226, "_timestamp": 1702386975.0946019, "_runtime": 19.191223859786987, "_step": 0, "_wandb": {"runtime": 18}}