{"mse": 225856.68574249756, "_timestamp": 1702379643.791667, "_runtime": 135.0619649887085, "_step": 0, "_wandb": {"runtime": 134}}