{"mse": 8954322.446480863, "_timestamp": 1702387090.538944, "_runtime": 19.29943609237671, "_step": 0, "_wandb": {"runtime": 18}}