{"mse": 8958016.526434226, "_timestamp": 1702376028.877206, "_runtime": 531.2815041542053, "_step": 0, "_wandb": {"runtime": 530}}