{"mse_step_pred_1": 0.9185590220684885, "_timestamp": 1702985912.9738822, "_runtime": 59.10504913330078, "_step": 35, "mse_step_pred_2": 0.9606267977081386, "mse_step_pred_3": 1.026997710018953, "mse_step_pred_4": 0.9080533006675131, "mse_step_pred_5": 0.8860859226159198, "mse_step_pred_6": 0.8824209614159856, "mse_step_pred_7": 0.9033955759881999, "mse_step_pred_8": 0.9084772062564168, "mse_step_pred_9": 0.8820863453759451, "mse_step_pred_10": 0.8768059872261977, "mse_step_pred_11": 0.8764199601431651, "mse_step_pred_12": 0.8941326603881711, "mse_step_pred_13": 0.8443131885353237, "mse_step_pred_14": 0.8562322218506784, "mse_step_pred_15": 0.8835587788620524, "mse_step_pred_16": 0.9150078732702217, "mse_step_pred_17": 0.8820584513173384, "mse_step_pred_18": 0.8706393165901126, "mse_step_pred_19": 0.88806226547975, "mse_step_pred_20": 0.8934949746792479, "mse_step_pred_21": 0.8962886287895723, "mse_step_pred_22": 0.837700934069862, "mse_step_pred_23": 0.892537753546369, "mse_step_pred_24": 0.8434016196424053, "mse_step_pred_25": 0.8649129572690757, "mse_step_pred_26": 0.836072250878713, "mse_step_pred_27": 0.8511298860561314, "mse_step_pred_28": 0.8498876155135958, "mse_step_pred_29": 0.8561538367912103, "mse_step_pred_30": 0.8785047089538705, "mse_step_pred_31": 0.858823913976904, "mse_step_pred_32": 0.867194906907226, "mse_step_pred_33": 0.8867862719867796, "mse_step_pred_34": 0.8746953207308366, "mse_step_pred_35": 0.8540485453794812, "mse_step_pred_36": 0.8727828862412925, "_wandb": {"runtime": 58}}