{"mse": 230580.84062872792, "_timestamp": 1701945851.627466, "_runtime": 26.569185972213745, "_step": 0, "_wandb": {"runtime": 25}}