{"mse": 2810700.109385638, "_timestamp": 1701946028.899314, "_runtime": 26.596323013305664, "_step": 0, "_wandb": {"runtime": 25}}