{"mse": 230577.3371456527, "_timestamp": 1702382286.790595, "_runtime": 413.22010803222656, "_step": 0, "_wandb": {"runtime": 412}}