{"mse_step_pred_1": 223344.4303452293, "_timestamp": 1702893371.045942, "_runtime": 189.46478915214539, "_step": 35, "mse_step_pred_2": 191600.5900018293, "mse_step_pred_3": 176372.52532881888, "mse_step_pred_4": 223596.81361177054, "mse_step_pred_5": 190834.13492128626, "mse_step_pred_6": 133745.5689029662, "mse_step_pred_7": 146473.57211714046, "mse_step_pred_8": 131195.64443682932, "mse_step_pred_9": 126116.9749327147, "mse_step_pred_10": 182508.0102385245, "mse_step_pred_11": 130235.67986654499, "mse_step_pred_12": 158978.39789641072, "mse_step_pred_13": 201644.4358208643, "mse_step_pred_14": 173939.95944363624, "mse_step_pred_15": 193906.6342449555, "mse_step_pred_16": 221949.040659097, "mse_step_pred_17": 230120.89473548523, "mse_step_pred_18": 222595.3523753962, "mse_step_pred_19": 224962.87510365993, "mse_step_pred_20": 230969.09400019146, "mse_step_pred_21": 240399.30118005548, "mse_step_pred_22": 212466.82293471094, "mse_step_pred_23": 241930.128369672, "mse_step_pred_24": 245033.72630892176, "mse_step_pred_25": 240781.20930693988, "mse_step_pred_26": 247790.7782791617, "mse_step_pred_27": 229203.1191716164, "mse_step_pred_28": 279678.304696913, "mse_step_pred_29": 225660.48575470818, "mse_step_pred_30": 253881.17788901864, "mse_step_pred_31": 228711.93226584498, "mse_step_pred_32": 235203.80438578676, "mse_step_pred_33": 227756.76365939403, "mse_step_pred_34": 229755.65225001998, "mse_step_pred_35": 224463.89617167722, "mse_step_pred_36": 239873.7754892258, "_wandb": {"runtime": 188}}