{"mse": 273491.24228160986, "_timestamp": 1702374966.471012, "_runtime": 512.6647551059723, "_step": 0, "_wandb": {"runtime": 512}}