{"mse": 230580.82818511606, "_timestamp": 1701945567.721699, "_runtime": 27.14807105064392, "_step": 0, "_wandb": {"runtime": 26}}