{"mse": 235080.34908353977, "_timestamp": 1702387982.6094358, "_runtime": 213.8424038887024, "_step": 0, "_wandb": {"runtime": 213}}