{"mse": 2.8578841658018903, "_timestamp": 1702381855.7050261, "_runtime": 389.44042110443115, "_step": 0, "_wandb": {"runtime": 388}}