{"mse": 8957868.248037502, "_timestamp": 1701945954.826709, "_runtime": 25.549776077270508, "_step": 0, "_wandb": {"runtime": 24}}