{"mse": 230569.83368485834, "_timestamp": 1702376860.527284, "_runtime": 813.8616030216217, "_step": 0, "_wandb": {"runtime": 813}}