{"mse": 8958046.354902267, "_timestamp": 1701949870.597342, "_runtime": 372.3883650302887, "_step": 0, "_wandb": {"runtime": 371}}