{"mse": 229833.3135418098, "_timestamp": 1701946195.318188, "_runtime": 22.82205104827881, "_step": 0, "_wandb": {"runtime": 22}}