{"mse": 345626.226018011, "_timestamp": 1702389947.0410361, "_runtime": 593.8633122444153, "_step": 0, "_wandb": {"runtime": 593}}