{"mse": 478322.0444380769, "_timestamp": 1702387751.1918678, "_runtime": 209.9925558567047, "_step": 0, "_wandb": {"runtime": 209}}