{"mse": 8957797.577104751, "_timestamp": 1701945672.744592, "_runtime": 27.024651050567627, "_step": 0, "_wandb": {"runtime": 26}}