{"mse": 0.8827319599219763, "_timestamp": 1702460558.319347, "_runtime": 211.2031388282776, "_step": 0, "_wandb": {"runtime": 210}}