{"mse_step_pred_1": 0.9616601365181321, "_timestamp": 1702986205.982101, "_runtime": 62.44264197349548, "_step": 35, "mse_step_pred_2": 0.8963970893351622, "mse_step_pred_3": 0.9139128851087351, "mse_step_pred_4": 0.8796705882826951, "mse_step_pred_5": 0.8534531985315235, "mse_step_pred_6": 0.83600128792151, "mse_step_pred_7": 0.8552368941836814, "mse_step_pred_8": 0.8906792670643232, "mse_step_pred_9": 0.8754705831719649, "mse_step_pred_10": 0.8592620755471191, "mse_step_pred_11": 0.8566714525145579, "mse_step_pred_12": 0.792901829456771, "mse_step_pred_13": 0.8798881559873516, "mse_step_pred_14": 0.8960752646590666, "mse_step_pred_15": 0.8387294099129077, "mse_step_pred_16": 0.8852690058400772, "mse_step_pred_17": 0.8234617930586767, "mse_step_pred_18": 0.8197754417720192, "mse_step_pred_19": 0.8143899701865455, "mse_step_pred_20": 0.8394364226313119, "mse_step_pred_21": 0.8460451702001384, "mse_step_pred_22": 0.8969027500314495, "mse_step_pred_23": 0.8636041505702953, "mse_step_pred_24": 0.7942698514821367, "mse_step_pred_25": 0.8659482187710316, "mse_step_pred_26": 0.8350770792172623, "mse_step_pred_27": 0.9822116933905238, "mse_step_pred_28": 0.8474245578495087, "mse_step_pred_29": 0.8374951656071435, "mse_step_pred_30": 0.8417630754856011, "mse_step_pred_31": 0.802504020917784, "mse_step_pred_32": 0.8358438725264957, "mse_step_pred_33": 0.8316141713517579, "mse_step_pred_34": 0.8139440767831642, "mse_step_pred_35": 0.8451503023567574, "mse_step_pred_36": 0.8371304315563496, "_wandb": {"runtime": 61}}