{"mse": 274339.66713089444, "_timestamp": 1702379496.726301, "_runtime": 143.57716989517212, "_step": 0, "_wandb": {"runtime": 142}}