{"mse": 227966.93427405183, "_timestamp": 1702394213.642314, "_runtime": 890.1258058547974, "_step": 0, "_wandb": {"runtime": 889}}