{"mse_step_pred_1": 0.40815013866097394, "_timestamp": 1702896214.850934, "_runtime": 51.8869891166687, "_step": 35, "mse_step_pred_2": 0.6126492457905227, "mse_step_pred_3": 0.6616718792086177, "mse_step_pred_4": 0.6317329533897648, "mse_step_pred_5": 0.6249386557146198, "mse_step_pred_6": 0.738844067386947, "mse_step_pred_7": 0.8228126187760539, "mse_step_pred_8": 0.7986919782630092, "mse_step_pred_9": 0.7738888090249865, "mse_step_pred_10": 0.7241343371741358, "mse_step_pred_11": 0.7234857469726387, "mse_step_pred_12": 0.7545556397574501, "mse_step_pred_13": 0.7818262634042268, "mse_step_pred_14": 0.8262585815948886, "mse_step_pred_15": 0.8855632708324143, "mse_step_pred_16": 0.8984576847135655, "mse_step_pred_17": 0.9545259626792756, "mse_step_pred_18": 0.9316257860095623, "mse_step_pred_19": 0.9735346420431068, "mse_step_pred_20": 0.9393369044970947, "mse_step_pred_21": 0.9672329371039997, "mse_step_pred_22": 0.9774387931051711, "mse_step_pred_23": 1.0151151517075694, "mse_step_pred_24": 0.9947771295560089, "mse_step_pred_25": 1.0928496518497577, "mse_step_pred_26": 1.1234387737688216, "mse_step_pred_27": 1.0920936004165784, "mse_step_pred_28": 1.1431108981745774, "mse_step_pred_29": 1.14454751490774, "mse_step_pred_30": 1.2391766587630946, "mse_step_pred_31": 1.1644179434590192, "mse_step_pred_32": 1.1620348140630337, "mse_step_pred_33": 1.1480547994993977, "mse_step_pred_34": 1.1408773449026741, "mse_step_pred_35": 1.1368269080787936, "mse_step_pred_36": 1.1524798330613757, "_wandb": {"runtime": 50}}