{"mse_step_pred_1": 157307.71028537094, "_timestamp": 1702894516.917692, "_runtime": 227.16108989715576, "_step": 35, "mse_step_pred_2": 220323.86821620166, "mse_step_pred_3": 223729.57885796943, "mse_step_pred_4": 243167.03589672266, "mse_step_pred_5": 238597.801741501, "mse_step_pred_6": 213299.17406264233, "mse_step_pred_7": 200160.00984882825, "mse_step_pred_8": 229933.20194139887, "mse_step_pred_9": 234784.4887905202, "mse_step_pred_10": 213810.79432123102, "mse_step_pred_11": 171489.18248527162, "mse_step_pred_12": 264626.96598254313, "mse_step_pred_13": 212584.21636170062, "mse_step_pred_14": 198836.94103267117, "mse_step_pred_15": 217614.07915194446, "mse_step_pred_16": 230837.14628601162, "mse_step_pred_17": 230513.39935772048, "mse_step_pred_18": 238012.7144116322, "mse_step_pred_19": 213779.01321052018, "mse_step_pred_20": 204983.61882367707, "mse_step_pred_21": 214895.40976823922, "mse_step_pred_22": 211528.2058793047, "mse_step_pred_23": 208676.13265534223, "mse_step_pred_24": 188800.84874000083, "mse_step_pred_25": 200438.4980880198, "mse_step_pred_26": 191358.20316120647, "mse_step_pred_27": 221438.52700904972, "mse_step_pred_28": 197308.0332324468, "mse_step_pred_29": 223482.0999092627, "mse_step_pred_30": 232478.87220737778, "mse_step_pred_31": 236317.78398687838, "mse_step_pred_32": 232856.48788027826, "mse_step_pred_33": 215656.81303699652, "mse_step_pred_34": 217696.37855112628, "mse_step_pred_35": 221906.51053432742, "mse_step_pred_36": 220990.79712015067, "_wandb": {"runtime": 226}}