{"mse": 230581.08994055647, "_timestamp": 1701949415.965905, "_runtime": 2808.3013088703156, "_step": 0, "_wandb": {"runtime": 2807}}