{"mse": 228226.51728381997, "_timestamp": 1702387062.240387, "_runtime": 16.986484050750732, "_step": 0, "_wandb": {"runtime": 16}}