{"mse": 1.0779874942990364, "_timestamp": 1702381053.652906, "_runtime": 380.90964794158936, "_step": 0, "_wandb": {"runtime": 380}}