{"mse": 283595.75979326054, "_timestamp": 1702391078.081784, "_runtime": 252.11375093460083, "_step": 0, "_wandb": {"runtime": 251}}