{"mse": 229792.91509567222, "_timestamp": 1702375486.727792, "_runtime": 511.1082410812378, "_step": 0, "_wandb": {"runtime": 510}}