{"mse": 230575.18559257992, "_timestamp": 1702374442.778006, "_runtime": 486.82259798049927, "_step": 0, "_wandb": {"runtime": 486}}