{"mse": 228202.1515980251, "_timestamp": 1702458255.990426, "_runtime": 206.17885899543762, "_step": 0, "_wandb": {"runtime": 205}}