{"mse": 230581.09421015703, "_timestamp": 1701945992.998452, "_runtime": 27.63446593284607, "_step": 0, "_wandb": {"runtime": 26}}