{"mse": 230567.78466117146, "_timestamp": 1702388018.1525471, "_runtime": 16.742061138153076, "_step": 0, "_wandb": {"runtime": 16}}