{"mse": 229815.7426015219, "_timestamp": 1701949491.2694669, "_runtime": 24.444304943084717, "_step": 0, "_wandb": {"runtime": 23}}