{"mse": 226965.10368468807, "_timestamp": 1702458029.992408, "_runtime": 170.35043501853943, "_step": 0, "_wandb": {"runtime": 169}}