{"mse_step_pred_1": 230760.61378323313, "_timestamp": 1702894280.77697, "_runtime": 226.3754518032074, "_step": 35, "mse_step_pred_2": 227708.7569423865, "mse_step_pred_3": 228935.35492047278, "mse_step_pred_4": 241396.54085749018, "mse_step_pred_5": 237528.9980572199, "mse_step_pred_6": 219975.53753977647, "mse_step_pred_7": 230233.53078988715, "mse_step_pred_8": 227600.52080029572, "mse_step_pred_9": 226218.15432227016, "mse_step_pred_10": 241502.90472323087, "mse_step_pred_11": 206973.48247411536, "mse_step_pred_12": 215911.50823620477, "mse_step_pred_13": 275312.3403300098, "mse_step_pred_14": 211062.4979363547, "mse_step_pred_15": 221547.2454895346, "mse_step_pred_16": 223441.72478382717, "mse_step_pred_17": 232972.4636955094, "mse_step_pred_18": 237716.7331169091, "mse_step_pred_19": 228325.15446379845, "mse_step_pred_20": 231730.33212954973, "mse_step_pred_21": 230971.41643957657, "mse_step_pred_22": 230338.86986332285, "mse_step_pred_23": 222555.61838986017, "mse_step_pred_24": 231186.3310808332, "mse_step_pred_25": 225252.22252422015, "mse_step_pred_26": 230916.68468509478, "mse_step_pred_27": 233692.70538919469, "mse_step_pred_28": 230995.42940653185, "mse_step_pred_29": 232033.25616992736, "mse_step_pred_30": 231135.2543716705, "mse_step_pred_31": 228600.1661814125, "mse_step_pred_32": 231090.61253972046, "mse_step_pred_33": 229687.00923093947, "mse_step_pred_34": 229825.44378765713, "mse_step_pred_35": 230554.8945295919, "mse_step_pred_36": 229062.44720657516, "_wandb": {"runtime": 225}}