{"mse": 256370.95914712362, "_timestamp": 1702457669.771681, "_runtime": 168.61876010894775, "_step": 0, "_wandb": {"runtime": 167}}