{"mse": 228187.0859658995, "_timestamp": 1702459493.4618309, "_runtime": 272.6956617832184, "_step": 0, "_wandb": {"runtime": 272}}