{"mse_step_pred_1": 147160.4790563791, "_timestamp": 1702895831.0262551, "_runtime": 316.91794514656067, "_step": 35, "mse_step_pred_2": 156194.80382644496, "mse_step_pred_3": 140921.41603247702, "mse_step_pred_4": 148725.04694423606, "mse_step_pred_5": 121100.84841093663, "mse_step_pred_6": 125034.78560371396, "mse_step_pred_7": 167656.62354968296, "mse_step_pred_8": 173610.66156767614, "mse_step_pred_9": 176661.39902291863, "mse_step_pred_10": 138345.05571153946, "mse_step_pred_11": 156425.7115132475, "mse_step_pred_12": 150485.93654985202, "mse_step_pred_13": 178761.2186897738, "mse_step_pred_14": 225439.64267145962, "mse_step_pred_15": 198650.90804768392, "mse_step_pred_16": 197255.51499910088, "mse_step_pred_17": 178194.3197032077, "mse_step_pred_18": 175239.8681937973, "mse_step_pred_19": 184842.69744763203, "mse_step_pred_20": 188835.8871776631, "mse_step_pred_21": 175242.56146135542, "mse_step_pred_22": 152389.3417921002, "mse_step_pred_23": 187323.70974538484, "mse_step_pred_24": 160728.73746257322, "mse_step_pred_25": 213775.05918972474, "mse_step_pred_26": 205100.8818081351, "mse_step_pred_27": 211149.91798830955, "mse_step_pred_28": 204541.5612673293, "mse_step_pred_29": 213544.9035658864, "mse_step_pred_30": 223355.205976051, "mse_step_pred_31": 170161.31756107297, "mse_step_pred_32": 217294.39709494085, "mse_step_pred_33": 205773.8501187458, "mse_step_pred_34": 215606.0569123107, "mse_step_pred_35": 222131.42696489365, "mse_step_pred_36": 217363.53821636408, "_wandb": {"runtime": 316}}