{"mse": 2810995.4918564563, "_timestamp": 1701946164.7185512, "_runtime": 24.187055110931396, "_step": 0, "_wandb": {"runtime": 23}}