{"mse": 173743.3447960151, "_timestamp": 1702390539.2735848, "_runtime": 584.924962759018, "_step": 0, "_wandb": {"runtime": 584}}