{"mse": 272541.21512077394, "_timestamp": 1702382691.936106, "_runtime": 397.8127329349518, "_step": 0, "_wandb": {"runtime": 397}}