{"mse": 229805.4781286275, "_timestamp": 1701945782.205733, "_runtime": 25.064192056655884, "_step": 0, "_wandb": {"runtime": 24}}