{"mse": 710133.39533307, "_timestamp": 1702459790.5078452, "_runtime": 289.1462891101837, "_step": 0, "_wandb": {"runtime": 288}}