{"mse": 224928.03622980596, "_timestamp": 1702390812.0020711, "_runtime": 255.52461004257202, "_step": 0, "_wandb": {"runtime": 254}}