{"mse": 272043.21875256184, "_timestamp": 1702377627.229022, "_runtime": 747.2838590145111, "_step": 0, "_wandb": {"runtime": 746}}