{"mse": 216506.1261896135, "_timestamp": 1702458914.199973, "_runtime": 209.54089522361755, "_step": 0, "_wandb": {"runtime": 208}}