{"mse": 0.8485401995458871, "_timestamp": 1702461018.885874, "_runtime": 219.46961092948914, "_step": 0, "_wandb": {"runtime": 218}}