{"mse_step_pred_1": 170122.713179847, "_timestamp": 1702893571.65986, "_runtime": 189.853355884552, "_step": 35, "mse_step_pred_2": 152732.32268730423, "mse_step_pred_3": 223359.56822979034, "mse_step_pred_4": 218381.8832866058, "mse_step_pred_5": 228920.21507410498, "mse_step_pred_6": 168511.0050108442, "mse_step_pred_7": 173854.96926402548, "mse_step_pred_8": 144506.32185215928, "mse_step_pred_9": 125101.28126951236, "mse_step_pred_10": 120512.5332424489, "mse_step_pred_11": 157230.63489953196, "mse_step_pred_12": 209451.59672346, "mse_step_pred_13": 248041.49395253666, "mse_step_pred_14": 190853.83889508052, "mse_step_pred_15": 244461.29682367312, "mse_step_pred_16": 358083.28573187476, "mse_step_pred_17": 286547.7664743313, "mse_step_pred_18": 231943.75109196303, "mse_step_pred_19": 314889.2440279573, "mse_step_pred_20": 243194.26941245154, "mse_step_pred_21": 213273.51732358203, "mse_step_pred_22": 237781.70586614084, "mse_step_pred_23": 281434.0243352006, "mse_step_pred_24": 210418.89417011643, "mse_step_pred_25": 227752.2443674377, "mse_step_pred_26": 243502.51211330455, "mse_step_pred_27": 294287.9511727783, "mse_step_pred_28": 215168.71714555114, "mse_step_pred_29": 260177.8695200886, "mse_step_pred_30": 287035.9148978487, "mse_step_pred_31": 257214.15094070582, "mse_step_pred_32": 254169.89361959268, "mse_step_pred_33": 224440.08591310936, "mse_step_pred_34": 242424.1801481479, "mse_step_pred_35": 242763.75498896925, "mse_step_pred_36": 268198.3249966937, "_wandb": {"runtime": 189}}