{"mse": 1.1216846648397936, "_timestamp": 1702460334.782826, "_runtime": 216.87147283554077, "_step": 0, "_wandb": {"runtime": 216}}