{"mse": 274339.66713089444, "_timestamp": 1702388045.5463538, "_runtime": 17.99354386329651, "_step": 0, "_wandb": {"runtime": 17}}