{"mse": 228226.51728381997, "_timestamp": 1702378358.650066, "_runtime": 721.0005149841309, "_step": 0, "_wandb": {"runtime": 720}}