{"mse": 191023.19478414502, "_timestamp": 1702389344.741087, "_runtime": 602.6896550655365, "_step": 0, "_wandb": {"runtime": 602}}