{"mse_step_pred_1": 218146.8601265988, "_timestamp": 1702893815.1569831, "_runtime": 225.07407212257385, "_step": 35, "mse_step_pred_2": 227171.11145587108, "mse_step_pred_3": 228308.01490088506, "mse_step_pred_4": 228104.19768687128, "mse_step_pred_5": 228655.74526443522, "mse_step_pred_6": 225265.27033060446, "mse_step_pred_7": 228310.5668048686, "mse_step_pred_8": 228082.6151671103, "mse_step_pred_9": 228616.68111903028, "mse_step_pred_10": 228813.33941168315, "mse_step_pred_11": 227805.41036507013, "mse_step_pred_12": 225408.9779187674, "mse_step_pred_13": 224875.02425603525, "mse_step_pred_14": 225843.30799069093, "mse_step_pred_15": 227517.75581608788, "mse_step_pred_16": 227828.82859801696, "mse_step_pred_17": 228851.25769950374, "mse_step_pred_18": 229497.8615457258, "mse_step_pred_19": 229020.07835264385, "mse_step_pred_20": 227871.84637926842, "mse_step_pred_21": 228145.99731577354, "mse_step_pred_22": 229400.12392580722, "mse_step_pred_23": 228508.06522406844, "mse_step_pred_24": 229254.6687298477, "mse_step_pred_25": 229269.49604348993, "mse_step_pred_26": 229554.05024819417, "mse_step_pred_27": 229695.01817710206, "mse_step_pred_28": 229284.24441480916, "mse_step_pred_29": 229851.07097697456, "mse_step_pred_30": 229818.2507162479, "mse_step_pred_31": 229648.26580552803, "mse_step_pred_32": 229963.0642158317, "mse_step_pred_33": 229471.5319417102, "mse_step_pred_34": 229775.05508437837, "mse_step_pred_35": 229847.18497925368, "mse_step_pred_36": 229796.61854011888, "_wandb": {"runtime": 224}}