{"mse": 226169.8600521889, "_timestamp": 1702388731.6161401, "_runtime": 580.6253960132599, "_step": 0, "_wandb": {"runtime": 579}}