{"mse": 185297.47451447867, "_timestamp": 1702391582.940725, "_runtime": 243.35985803604126, "_step": 0, "_wandb": {"runtime": 242}}