{"mse": 225856.68574249756, "_timestamp": 1702388070.708385, "_runtime": 17.30052089691162, "_step": 0, "_wandb": {"runtime": 16}}