{"mse": 230575.18559257992, "_timestamp": 1702386894.307564, "_runtime": 17.907339096069336, "_step": 0, "_wandb": {"runtime": 17}}