{"mse": 8954322.446480863, "_timestamp": 1702379148.57901, "_runtime": 780.0351610183716, "_step": 0, "_wandb": {"runtime": 779}}