{"mse": 229243.6581918443, "_timestamp": 1703073829.9853199, "_runtime": 18.11265277862549, "_step": 4, "tloss": 7.069967308379078e+20, "kld": 8950.508758235488, "jefd": 5729.987418101299, "jend": 520.09211464693, "_wandb": {"runtime": 17}}