{"mse": 229822.24460965383, "_timestamp": 1701945637.812439, "_runtime": 23.31042194366455, "_step": 0, "_wandb": {"runtime": 22}}