{"mse": 8965338.158905502, "_timestamp": 1703073858.0090601, "_runtime": 19.90319013595581, "_step": 4, "tloss": 7.069967308379078e+20, "kld": -1139.3435775012545, "jefd": 650777.4217882445, "jend": 6381.386614001924, "_wandb": {"runtime": 19}}