{"mse": 8957528.618291885, "_timestamp": 1701946590.163496, "_runtime": 386.8302869796753, "_step": 0, "_wandb": {"runtime": 386}}