{"mse_step_pred_1": 222615.4050353845, "_timestamp": 1702894045.995417, "_runtime": 223.52741813659668, "_step": 35, "mse_step_pred_2": 248115.59762515797, "mse_step_pred_3": 244998.75633776485, "mse_step_pred_4": 243663.27881182593, "mse_step_pred_5": 243096.9704784726, "mse_step_pred_6": 231611.40531768667, "mse_step_pred_7": 230433.96981436372, "mse_step_pred_8": 218597.66673960615, "mse_step_pred_9": 235689.99038103255, "mse_step_pred_10": 258330.16644338297, "mse_step_pred_11": 238759.3653891991, "mse_step_pred_12": 240235.41194273566, "mse_step_pred_13": 227907.39771682484, "mse_step_pred_14": 231775.1591806628, "mse_step_pred_15": 240236.3202795808, "mse_step_pred_16": 230997.77933884322, "mse_step_pred_17": 242643.6405701007, "mse_step_pred_18": 234949.79262243208, "mse_step_pred_19": 225133.1269465108, "mse_step_pred_20": 223363.20177835424, "mse_step_pred_21": 236137.70606681376, "mse_step_pred_22": 229537.99267692462, "mse_step_pred_23": 230374.49716262452, "mse_step_pred_24": 222219.8912325143, "mse_step_pred_25": 209737.00395555707, "mse_step_pred_26": 234689.6185928619, "mse_step_pred_27": 253332.3460187912, "mse_step_pred_28": 239746.53787670142, "mse_step_pred_29": 243543.8682411625, "mse_step_pred_30": 237109.54987095378, "mse_step_pred_31": 240726.39615167674, "mse_step_pred_32": 235662.07227441808, "mse_step_pred_33": 242739.34078248806, "mse_step_pred_34": 246825.15128121336, "mse_step_pred_35": 240492.7421770955, "mse_step_pred_36": 239324.4683802532, "_wandb": {"runtime": 222}}