{"mse": 229818.85095721748, "_timestamp": 1701945921.087415, "_runtime": 23.34452986717224, "_step": 0, "_wandb": {"runtime": 22}}