{"mse_step_pred_1": 0.4021370809432844, "_timestamp": 1702910323.5304582, "_runtime": 52.68064832687378, "_step": 35, "mse_step_pred_2": 0.552805288524471, "mse_step_pred_3": 0.6006757383294455, "mse_step_pred_4": 0.5753621642195897, "mse_step_pred_5": 0.6033037892121761, "mse_step_pred_6": 0.6464124642595913, "mse_step_pred_7": 0.6685261700970772, "mse_step_pred_8": 0.658995850029997, "mse_step_pred_9": 0.6958104154210306, "mse_step_pred_10": 0.6429964821897767, "mse_step_pred_11": 0.7192345138000202, "mse_step_pred_12": 0.6990431812660325, "mse_step_pred_13": 0.7469391989934736, "mse_step_pred_14": 0.7506187678792972, "mse_step_pred_15": 0.804240557440546, "mse_step_pred_16": 0.805359441065822, "mse_step_pred_17": 0.8397206839048924, "mse_step_pred_18": 0.8416288401294417, "mse_step_pred_19": 0.857711483638067, "mse_step_pred_20": 0.8634483593345919, "mse_step_pred_21": 0.9126258394413134, "mse_step_pred_22": 0.9042506576932615, "mse_step_pred_23": 0.901432347127612, "mse_step_pred_24": 0.9016698152849687, "mse_step_pred_25": 0.9413894764100385, "mse_step_pred_26": 0.9954900464401335, "mse_step_pred_27": 1.0373192492057022, "mse_step_pred_28": 1.0840278809230584, "mse_step_pred_29": 1.1118384340038092, "mse_step_pred_30": 1.1946109551705173, "mse_step_pred_31": 1.1255591719361848, "mse_step_pred_32": 1.1151803190084197, "mse_step_pred_33": 1.06608721548882, "mse_step_pred_34": 1.085807557000025, "mse_step_pred_35": 1.077868748975296, "mse_step_pred_36": 1.1173189988641479, "_wandb": {"runtime": 52}}