{"mse_step_pred_1": 249883.59497357486, "_timestamp": 1702893172.327132, "_runtime": 189.72923493385315, "_step": 35, "mse_step_pred_2": 239623.00674914767, "mse_step_pred_3": 239757.5092901955, "mse_step_pred_4": 238556.1582116571, "mse_step_pred_5": 244645.45674790855, "mse_step_pred_6": 242610.7223100396, "mse_step_pred_7": 245851.38206248873, "mse_step_pred_8": 237769.16048088484, "mse_step_pred_9": 197286.43581207888, "mse_step_pred_10": 245513.90659341964, "mse_step_pred_11": 232223.76604291706, "mse_step_pred_12": 256702.6004654502, "mse_step_pred_13": 300395.9154898154, "mse_step_pred_14": 287985.1374965597, "mse_step_pred_15": 261408.51983279697, "mse_step_pred_16": 309312.41806451895, "mse_step_pred_17": 269990.26009689586, "mse_step_pred_18": 229674.7528347763, "mse_step_pred_19": 284493.66401876253, "mse_step_pred_20": 243365.85627403465, "mse_step_pred_21": 261525.89755419473, "mse_step_pred_22": 333217.676801895, "mse_step_pred_23": 280993.68184178014, "mse_step_pred_24": 256247.58822891844, "mse_step_pred_25": 244988.79285784956, "mse_step_pred_26": 270480.55582092993, "mse_step_pred_27": 252057.2413212321, "mse_step_pred_28": 257224.08395485373, "mse_step_pred_29": 255833.73501535755, "mse_step_pred_30": 266338.93027706444, "mse_step_pred_31": 252376.8224541935, "mse_step_pred_32": 240384.87343846788, "mse_step_pred_33": 243883.91525093085, "mse_step_pred_34": 248288.98480718632, "mse_step_pred_35": 270908.1307647664, "mse_step_pred_36": 237553.39505890658, "_wandb": {"runtime": 189}}