{"mse_step_pred_1": 0.40874211685327333, "_timestamp": 1702986275.6579058, "_runtime": 61.40929079055786, "_step": 35, "mse_step_pred_2": 0.6466510542356224, "mse_step_pred_3": 0.6718576105253792, "mse_step_pred_4": 0.7759018128353213, "mse_step_pred_5": 0.7379249413188949, "mse_step_pred_6": 0.864204765206092, "mse_step_pred_7": 0.7593699415253836, "mse_step_pred_8": 0.8071837747154242, "mse_step_pred_9": 0.8309963625999502, "mse_step_pred_10": 0.8094065359249136, "mse_step_pred_11": 0.7796429339382768, "mse_step_pred_12": 0.809491910829255, "mse_step_pred_13": 0.850912666123626, "mse_step_pred_14": 0.8702990672433352, "mse_step_pred_15": 0.9049161932620399, "mse_step_pred_16": 0.9605770605947405, "mse_step_pred_17": 0.9379300644326851, "mse_step_pred_18": 0.9278268451233403, "mse_step_pred_19": 0.9392243103585807, "mse_step_pred_20": 1.068353916091499, "mse_step_pred_21": 1.0014689200307634, "mse_step_pred_22": 0.9678975992436311, "mse_step_pred_23": 0.9902059749844816, "mse_step_pred_24": 1.095468153314146, "mse_step_pred_25": 0.9744338307387933, "mse_step_pred_26": 1.0724605680232875, "mse_step_pred_27": 1.1310208770898578, "mse_step_pred_28": 1.0513615839665662, "mse_step_pred_29": 1.1668442339110965, "mse_step_pred_30": 1.1234702103449838, "mse_step_pred_31": 1.1630769693336387, "mse_step_pred_32": 1.1622781635384787, "mse_step_pred_33": 1.1485932814267836, "mse_step_pred_34": 1.2014284970285098, "mse_step_pred_35": 1.1492087917228329, "mse_step_pred_36": 1.197076837675779, "_wandb": {"runtime": 60}}