{"mse": 229243.6581918443, "_timestamp": 1702380173.523647, "_runtime": 82.3582501411438, "_step": 0, "_wandb": {"runtime": 81}}