{"mse_step_pred_1": 277645.4002004393, "_timestamp": 1702895172.1088798, "_runtime": 306.80683183670044, "_step": 35, "mse_step_pred_2": 238153.81890158384, "mse_step_pred_3": 210457.34778380117, "mse_step_pred_4": 219135.73765413382, "mse_step_pred_5": 220551.17605997686, "mse_step_pred_6": 232444.92446918276, "mse_step_pred_7": 224175.89153146732, "mse_step_pred_8": 203479.36313588868, "mse_step_pred_9": 217917.51471487098, "mse_step_pred_10": 227319.92531716003, "mse_step_pred_11": 212690.35707768556, "mse_step_pred_12": 167750.58204529542, "mse_step_pred_13": 203804.5626829196, "mse_step_pred_14": 219430.85015964886, "mse_step_pred_15": 229743.85753721866, "mse_step_pred_16": 230058.38931874544, "mse_step_pred_17": 231359.21890188378, "mse_step_pred_18": 257913.4394186691, "mse_step_pred_19": 260154.91111316212, "mse_step_pred_20": 246137.24352598595, "mse_step_pred_21": 264301.87680686434, "mse_step_pred_22": 231499.00284750192, "mse_step_pred_23": 229781.6892615135, "mse_step_pred_24": 245381.10207750963, "mse_step_pred_25": 218620.43161036083, "mse_step_pred_26": 230232.4417057898, "mse_step_pred_27": 233504.84610180376, "mse_step_pred_28": 240062.26326838386, "mse_step_pred_29": 232168.46534501825, "mse_step_pred_30": 216818.04340176377, "mse_step_pred_31": 222363.7751827659, "mse_step_pred_32": 243286.0746712965, "mse_step_pred_33": 223304.08050320152, "mse_step_pred_34": 236321.82175602007, "mse_step_pred_35": 212287.77583396022, "mse_step_pred_36": 204476.89284890675, "_wandb": {"runtime": 306}}