{"mse": 181250.70255123894, "_timestamp": 1702460100.04449, "_runtime": 292.8893241882324, "_step": 0, "_wandb": {"runtime": 292}}