{"mse": 9174308.496729318, "_timestamp": 1701946089.512038, "_runtime": 19.57154107093811, "_step": 0, "_wandb": {"runtime": 18}}