{"mse": 327383.38957165944, "_timestamp": 1702456423.191215, "_runtime": 467.28195905685425, "_step": 0, "_wandb": {"runtime": 466}}