{"mse": 274173.5669612438, "_timestamp": 1702380081.732081, "_runtime": 84.76924204826355, "_step": 0, "_wandb": {"runtime": 84}}