{"mse": 235982.04404144367, "_timestamp": 1702458469.798369, "_runtime": 205.28793001174927, "_step": 0, "_wandb": {"runtime": 204}}