{"mse": 274092.93978678214, "_timestamp": 1701945748.648577, "_runtime": 28.821599006652832, "_step": 0, "_wandb": {"runtime": 28}}