{"mse": 1.0927681841650376, "_timestamp": 1702461218.571785, "_runtime": 180.71565890312195, "_step": 0, "_wandb": {"runtime": 180}}