{"mse_step_pred_1": 134109.76559071083, "_timestamp": 1702892764.859411, "_runtime": 930.4249529838562, "_step": 35, "mse_step_pred_2": 144914.91152288817, "mse_step_pred_3": 160128.77485196272, "mse_step_pred_4": 172942.7316257934, "mse_step_pred_5": 195325.60988897982, "mse_step_pred_6": 193977.87169947624, "mse_step_pred_7": 181288.54801196838, "mse_step_pred_8": 163114.9339636805, "mse_step_pred_9": 190021.0391421147, "mse_step_pred_10": 196007.45484120853, "mse_step_pred_11": 193528.25281267808, "mse_step_pred_12": 197203.19901278114, "mse_step_pred_13": 208775.70141955782, "mse_step_pred_14": 209526.5654551831, "mse_step_pred_15": 216128.65661268914, "mse_step_pred_16": 209325.3170503358, "mse_step_pred_17": 204521.69887739283, "mse_step_pred_18": 204482.0568210245, "mse_step_pred_19": 200449.50627044705, "mse_step_pred_20": 200286.47888127054, "mse_step_pred_21": 191735.9590186338, "mse_step_pred_22": 204627.0947698754, "mse_step_pred_23": 200723.8077824246, "mse_step_pred_24": 195820.36449050123, "mse_step_pred_25": 198845.1810709254, "mse_step_pred_26": 204548.09739997308, "mse_step_pred_27": 196917.16095890893, "mse_step_pred_28": 194704.24897331453, "mse_step_pred_29": 203645.43273861214, "mse_step_pred_30": 201986.20912004297, "mse_step_pred_31": 208041.65059293405, "mse_step_pred_32": 207376.62234929745, "mse_step_pred_33": 209689.9569036126, "mse_step_pred_34": 212800.44827354184, "mse_step_pred_35": 207465.89106145964, "mse_step_pred_36": 211697.42870871344, "_wandb": {"runtime": 929}}