{"mse": 0.9211432755086517, "_timestamp": 1702460788.1662521, "_runtime": 217.83040118217468, "_step": 0, "_wandb": {"runtime": 217}}