{"mse": 273934.7855847671, "_timestamp": 1701945605.4519858, "_runtime": 27.93421173095703, "_step": 0, "_wandb": {"runtime": 27}}