{"mse_step_pred_1": 176563.74749052146, "_timestamp": 1702892970.7577999, "_runtime": 187.59664297103882, "_step": 35, "mse_step_pred_2": 203667.55206383063, "mse_step_pred_3": 219863.644359452, "mse_step_pred_4": 222403.24673551403, "mse_step_pred_5": 218651.86829923792, "mse_step_pred_6": 217756.6004040481, "mse_step_pred_7": 219263.4215638503, "mse_step_pred_8": 199234.8022432265, "mse_step_pred_9": 199772.15075337424, "mse_step_pred_10": 199242.9673797436, "mse_step_pred_11": 195292.84345629383, "mse_step_pred_12": 217248.0971682649, "mse_step_pred_13": 206365.13574785905, "mse_step_pred_14": 211502.99352602568, "mse_step_pred_15": 218232.00743187696, "mse_step_pred_16": 224555.7777061945, "mse_step_pred_17": 221633.13409604094, "mse_step_pred_18": 221425.48156804524, "mse_step_pred_19": 219330.12293501652, "mse_step_pred_20": 222775.892458208, "mse_step_pred_21": 222032.62787704827, "mse_step_pred_22": 221424.81605860256, "mse_step_pred_23": 218124.367008876, "mse_step_pred_24": 224438.6428641773, "mse_step_pred_25": 222674.42418890973, "mse_step_pred_26": 226334.2960434689, "mse_step_pred_27": 227850.03045954264, "mse_step_pred_28": 225999.61142283218, "mse_step_pred_29": 225306.59758570572, "mse_step_pred_30": 226754.38202656936, "mse_step_pred_31": 227951.40045768506, "mse_step_pred_32": 223678.83965353394, "mse_step_pred_33": 225885.00047829637, "mse_step_pred_34": 226264.23900286105, "mse_step_pred_35": 226057.640422683, "mse_step_pred_36": 228404.51207314685, "_wandb": {"runtime": 187}}