{"mse_step_pred_1": 0.9616601365181321, "_timestamp": 1702910436.398336, "_runtime": 30.935175895690918, "_step": 8, "mse_step_pred_2": 0.8963970893351622, "mse_step_pred_3": 0.9139128851087351, "mse_step_pred_4": 0.8796705882826951, "mse_step_pred_5": 0.8534531985315235, "mse_step_pred_6": 0.83600128792151, "mse_step_pred_7": 0.8552368941836814, "mse_step_pred_8": 0.8906792670643232, "mse_step_pred_9": 0.8754705831719649, "_wandb": {"runtime": 30}}