{"mse": 230580.8228531275, "_timestamp": 1701946132.576543, "_runtime": 25.333139181137085, "_step": 0, "_wandb": {"runtime": 24}}