{"mse_step_pred_1": 0.42231575662086224, "_timestamp": 1702896554.5124679, "_runtime": 57.17315077781677, "_step": 35, "mse_step_pred_2": 0.6248909337506036, "mse_step_pred_3": 0.6776606698247984, "mse_step_pred_4": 0.7581719167373234, "mse_step_pred_5": 0.7424089665216727, "mse_step_pred_6": 0.8385328131197612, "mse_step_pred_7": 0.7028485440734562, "mse_step_pred_8": 0.8155175316442936, "mse_step_pred_9": 0.8118857677385104, "mse_step_pred_10": 0.7736469293522156, "mse_step_pred_11": 0.7878712777231649, "mse_step_pred_12": 0.8183679999186774, "mse_step_pred_13": 0.812502515046853, "mse_step_pred_14": 0.9080749935114758, "mse_step_pred_15": 0.8909202905793403, "mse_step_pred_16": 0.9471431988587674, "mse_step_pred_17": 0.8957828646318946, "mse_step_pred_18": 0.860036559139413, "mse_step_pred_19": 0.8458669673738245, "mse_step_pred_20": 1.002830716707735, "mse_step_pred_21": 0.9776888852003027, "mse_step_pred_22": 0.9474561997533082, "mse_step_pred_23": 0.9499184714795358, "mse_step_pred_24": 1.033474179922909, "mse_step_pred_25": 0.9289664702041291, "mse_step_pred_26": 1.0525637854114391, "mse_step_pred_27": 1.0571716886296096, "mse_step_pred_28": 1.021808311377887, "mse_step_pred_29": 1.1450758352456412, "mse_step_pred_30": 1.0673097702051264, "mse_step_pred_31": 1.0982208743403135, "mse_step_pred_32": 1.1080324685444167, "mse_step_pred_33": 1.094631376434815, "mse_step_pred_34": 1.144183768487214, "mse_step_pred_35": 1.1193819257141149, "mse_step_pred_36": 1.1837157486127474, "_wandb": {"runtime": 56}}