{"mse": 228431.60517764481, "_timestamp": 1702459213.911167, "_runtime": 282.8892879486084, "_step": 0, "_wandb": {"runtime": 282}}