{"mse": 228552.90778653708, "_timestamp": 1702387312.7172182, "_runtime": 202.0532102584839, "_step": 0, "_wandb": {"runtime": 201}}