{"mse": 217610.0809725157, "_timestamp": 1702457492.883069, "_runtime": 167.43403792381287, "_step": 0, "_wandb": {"runtime": 166}}