{"mse": 1.844091578565719, "_timestamp": 1702381457.633889, "_runtime": 386.8823628425598, "_step": 0, "_wandb": {"runtime": 386}}