{"mse": 8958323.51393247, "_timestamp": 1701945817.033571, "_runtime": 28.519869089126587, "_step": 0, "_wandb": {"runtime": 27}}