{"mse_step_pred_1": 230760.52801801026, "_timestamp": 1702890930.263125, "_runtime": 828.5454020500183, "_step": 35, "mse_step_pred_2": 236553.92080156688, "mse_step_pred_3": 279565.34662309324, "mse_step_pred_4": 293513.91902641463, "mse_step_pred_5": 307797.0755298282, "mse_step_pred_6": 294270.7966621237, "mse_step_pred_7": 298055.08213993296, "mse_step_pred_8": 275748.1416953951, "mse_step_pred_9": 292751.52162407874, "mse_step_pred_10": 304461.22913921595, "mse_step_pred_11": 297536.1940919508, "mse_step_pred_12": 299447.033864483, "mse_step_pred_13": 308303.7016599083, "mse_step_pred_14": 307658.67505701794, "mse_step_pred_15": 304281.7159027006, "mse_step_pred_16": 302789.37201463507, "mse_step_pred_17": 336967.8136223152, "mse_step_pred_18": 442801.94433470286, "mse_step_pred_19": 565014.7473329924, "mse_step_pred_20": 578879.9205118838, "mse_step_pred_21": 433951.7755273261, "mse_step_pred_22": 432010.43365362997, "mse_step_pred_23": 405309.5201667072, "mse_step_pred_24": 467815.09489296854, "mse_step_pred_25": 444661.460957127, "mse_step_pred_26": 354229.31444661604, "mse_step_pred_27": 382211.53881165653, "mse_step_pred_28": 377392.3220535471, "mse_step_pred_29": 340328.96401169174, "mse_step_pred_30": 347441.97964435763, "mse_step_pred_31": 346974.1559223238, "mse_step_pred_32": 379590.06257422257, "mse_step_pred_33": 396149.0565793136, "mse_step_pred_34": 361212.1509198146, "mse_step_pred_35": 320480.8910678894, "mse_step_pred_36": 286377.053014879, "_wandb": {"runtime": 827}}