{"mse": 273939.3354439515, "_timestamp": 1701945886.789532, "_runtime": 25.417480945587158, "_step": 0, "_wandb": {"runtime": 24}}