{"mse": 0.8568130927717093, "_timestamp": 1702461412.304791, "_runtime": 181.4637370109558, "_step": 0, "_wandb": {"runtime": 180}}