{"mse": 0.9129688047899487, "_timestamp": 1702461799.839442, "_runtime": 184.248920917511, "_step": 0, "_wandb": {"runtime": 183}}