{"mse": 230567.78466117146, "_timestamp": 1702379345.586616, "_runtime": 143.04757499694824, "_step": 0, "_wandb": {"runtime": 142}}