{"mse": 8964924.543888018, "_timestamp": 1702379797.005675, "_runtime": 141.75346207618713, "_step": 0, "_wandb": {"runtime": 141}}