{"mse": 229802.46240526182, "_timestamp": 1701946062.841559, "_runtime": 24.421463012695312, "_step": 0, "_wandb": {"runtime": 23}}