{"mse": 272043.21875256184, "_timestamp": 1702387037.9394329, "_runtime": 19.553728818893433, "_step": 0, "_wandb": {"runtime": 18}}