{"mse": 227966.93427405183, "_timestamp": 1702644910.100738, "_runtime": 860.9387710094452, "_step": 0, "_wandb": {"runtime": 860}}