{"mse": 227966.93427405183, "_timestamp": 1702455915.6359181, "_runtime": 23.71653723716736, "_step": 0, "_wandb": {"runtime": 23}}