{"mse": 350924.84594156436, "_timestamp": 1702395066.799146, "_runtime": 840.2946410179138, "_step": 0, "_wandb": {"runtime": 839}}