{"mse": 527213.4820688475, "_timestamp": 1702391326.182157, "_runtime": 230.60789012908936, "_step": 0, "_wandb": {"runtime": 229}}