{"mse_step_pred_1": 0.5230068250046532, "_timestamp": 1702896093.181281, "_runtime": 244.2896111011505, "_step": 35, "mse_step_pred_2": 0.7528378657107173, "mse_step_pred_3": 0.838983196200542, "mse_step_pred_4": 0.839522525847304, "mse_step_pred_5": 0.8567910645443806, "mse_step_pred_6": 0.9525834354399101, "mse_step_pred_7": 0.9943637940214619, "mse_step_pred_8": 0.9505047608002377, "mse_step_pred_9": 0.9945648641310397, "mse_step_pred_10": 0.8990432689684003, "mse_step_pred_11": 0.9892788893353066, "mse_step_pred_12": 0.962496304749623, "mse_step_pred_13": 1.027516132251782, "mse_step_pred_14": 1.0407979776953038, "mse_step_pred_15": 1.0720668844497783, "mse_step_pred_16": 1.0862668319625213, "mse_step_pred_17": 1.1386750249542406, "mse_step_pred_18": 1.1333544763158774, "mse_step_pred_19": 1.130221179437234, "mse_step_pred_20": 1.1193182369889085, "mse_step_pred_21": 1.1960668593602086, "mse_step_pred_22": 1.168598732921319, "mse_step_pred_23": 1.2399016634124267, "mse_step_pred_24": 1.1918619175305338, "mse_step_pred_25": 1.2726903757208319, "mse_step_pred_26": 1.3229513527069017, "mse_step_pred_27": 1.333015399976734, "mse_step_pred_28": 1.3557144027974748, "mse_step_pred_29": 1.3784976670155198, "mse_step_pred_30": 1.4634313540538475, "mse_step_pred_31": 1.4004203290193598, "mse_step_pred_32": 1.3813033050486194, "mse_step_pred_33": 1.3465463751638664, "mse_step_pred_34": 1.3310670850857969, "mse_step_pred_35": 1.3355648604291854, "mse_step_pred_36": 1.3608227151807204, "_wandb": {"runtime": 243}}