{"mse": 1.925335970500507, "_timestamp": 1702380662.950117, "_runtime": 378.60143208503723, "_step": 0, "_wandb": {"runtime": 378}}