{"mse": 8965338.158905502, "_timestamp": 1702380266.329358, "_runtime": 82.20146918296814, "_step": 0, "_wandb": {"runtime": 81}}