{"mse": 0.9432696771142017, "_timestamp": 1702461604.989685, "_runtime": 181.7506000995636, "_step": 0, "_wandb": {"runtime": 180}}