{"mse": 195185.68412680316, "_timestamp": 1702457307.046169, "_runtime": 874.9010879993439, "_step": 0, "_wandb": {"runtime": 874}}