{"mse": 8965109.859835288, "_timestamp": 1702383508.267616, "_runtime": 406.7170670032501, "_step": 0, "_wandb": {"runtime": 406}}