{"mse": 229560.50915966355, "_timestamp": 1702383091.365725, "_runtime": 383.03985500335693, "_step": 0, "_wandb": {"runtime": 382}}