{"mse": 273491.24228160986, "_timestamp": 1702386922.113879, "_runtime": 18.847295999526978, "_step": 0, "_wandb": {"runtime": 18}}