{"mse_step_pred_1": 1608453.0112736241, "_timestamp": 1702891822.0762691, "_runtime": 882.6557290554047, "_step": 35, "mse_step_pred_2": 515232.56432877877, "mse_step_pred_3": 456419.01197164797, "mse_step_pred_4": 212914.42544628697, "mse_step_pred_5": 484131.0938096708, "mse_step_pred_6": 171786.39930673945, "mse_step_pred_7": 214988.64811118838, "mse_step_pred_8": 207710.07572076438, "mse_step_pred_9": 195662.69182017283, "mse_step_pred_10": 180534.87035228903, "mse_step_pred_11": 204348.55243041526, "mse_step_pred_12": 181773.85991860082, "mse_step_pred_13": 1028789.5972648944, "mse_step_pred_14": 761698.7672116724, "mse_step_pred_15": 203279.6627590319, "mse_step_pred_16": 214309.92425325175, "mse_step_pred_17": 364623.11518657167, "mse_step_pred_18": 211559.64061401735, "mse_step_pred_19": 230169.13275880183, "mse_step_pred_20": 262509.9485612725, "mse_step_pred_21": 228216.36191342006, "mse_step_pred_22": 207163.24968292855, "mse_step_pred_23": 299195.4792359356, "mse_step_pred_24": 278970.70292661694, "mse_step_pred_25": 260927.50019926176, "mse_step_pred_26": 252602.39288749525, "mse_step_pred_27": 229811.85284720786, "mse_step_pred_28": 233729.21919406913, "mse_step_pred_29": 228890.4796539723, "mse_step_pred_30": 246612.356389722, "mse_step_pred_31": 227017.48814934597, "mse_step_pred_32": 233409.50503330995, "mse_step_pred_33": 232410.7812861496, "mse_step_pred_34": 224822.10735101704, "mse_step_pred_35": 237044.649211946, "mse_step_pred_36": 254082.90551764984, "_wandb": {"runtime": 882}}