{"mse_step_pred_1": 0.5031482707614069, "_timestamp": 1702910397.2889931, "_runtime": 57.29141116142273, "_step": 35, "mse_step_pred_2": 0.7303382760483503, "mse_step_pred_3": 0.8119718472232635, "mse_step_pred_4": 0.8867410873991092, "mse_step_pred_5": 0.9119216016695745, "mse_step_pred_6": 1.0081880245758876, "mse_step_pred_7": 0.9245604566360758, "mse_step_pred_8": 0.9978857127354744, "mse_step_pred_9": 1.0336375443319632, "mse_step_pred_10": 0.9363778853750527, "mse_step_pred_11": 0.9856180657293634, "mse_step_pred_12": 1.015116593296569, "mse_step_pred_13": 1.0409261378592947, "mse_step_pred_14": 1.0610499022233224, "mse_step_pred_15": 1.0359067608545542, "mse_step_pred_16": 1.0968043516678176, "mse_step_pred_17": 1.0566687589098935, "mse_step_pred_18": 1.0867871053731732, "mse_step_pred_19": 1.0691808534617617, "mse_step_pred_20": 1.1930804604445602, "mse_step_pred_21": 1.1620065572580627, "mse_step_pred_22": 1.1167632123830258, "mse_step_pred_23": 1.1263962349838013, "mse_step_pred_24": 1.2226365954154337, "mse_step_pred_25": 1.1338621900986745, "mse_step_pred_26": 1.2186620124661651, "mse_step_pred_27": 1.23252793984278, "mse_step_pred_28": 1.226407285645829, "mse_step_pred_29": 1.3556019580250747, "mse_step_pred_30": 1.2874672029321224, "mse_step_pred_31": 1.3236061628815345, "mse_step_pred_32": 1.3097783284066467, "mse_step_pred_33": 1.2802302204770482, "mse_step_pred_34": 1.3142074144038396, "mse_step_pred_35": 1.305101387697216, "mse_step_pred_36": 1.3384902304476367, "_wandb": {"runtime": 56}}