{"mse_step_pred_1": 3043929.201434198, "_timestamp": 1702895505.35912, "_runtime": 321.6892488002777, "_step": 35, "mse_step_pred_2": 354623.5299731, "mse_step_pred_3": 249103.24149413052, "mse_step_pred_4": 2375431.1735340217, "mse_step_pred_5": 275740.9913441353, "mse_step_pred_6": 196885.8892535863, "mse_step_pred_7": 255841.5741509135, "mse_step_pred_8": 226760.66532878205, "mse_step_pred_9": 223366.19488348355, "mse_step_pred_10": 228583.6115086852, "mse_step_pred_11": 2663889.0875128442, "mse_step_pred_12": 206261.2643691126, "mse_step_pred_13": 3570380.8343532872, "mse_step_pred_14": 1178843.5056181473, "mse_step_pred_15": 1375077.7926063696, "mse_step_pred_16": 3844458.3751203977, "mse_step_pred_17": 218467.3899673406, "mse_step_pred_18": 224256.17860402702, "mse_step_pred_19": 219896.90129248184, "mse_step_pred_20": 223545.53471122662, "mse_step_pred_21": 222789.22377766948, "mse_step_pred_22": 215391.235464648, "mse_step_pred_23": 213688.34298281948, "mse_step_pred_24": 237637.16044785033, "mse_step_pred_25": 248897.1440141928, "mse_step_pred_26": 252455.48254347985, "mse_step_pred_27": 268449.1245309881, "mse_step_pred_28": 259293.01392790218, "mse_step_pred_29": 277771.92703205126, "mse_step_pred_30": 222566.7124615696, "mse_step_pred_31": 345204.66371038277, "mse_step_pred_32": 397100.2357533137, "mse_step_pred_33": 237580.69752864522, "mse_step_pred_34": 265018.39137620555, "mse_step_pred_35": 326597.9397779699, "mse_step_pred_36": 419017.9996005596, "_wandb": {"runtime": 321}}