{"mse": 230581.09882897534, "_timestamp": 1701945712.846217, "_runtime": 30.165359020233154, "_step": 0, "_wandb": {"runtime": 29}}