{"mse": 230570.73602800927, "_timestamp": 1702379986.8860009, "_runtime": 83.07648396492004, "_step": 0, "_wandb": {"runtime": 82}}