{"mse": 8964924.543888018, "_timestamp": 1702388096.895252, "_runtime": 17.423851013183594, "_step": 0, "_wandb": {"runtime": 16}}